<?xml version='1.0' encoding='UTF-8'?>
<?artifactRepository version='1.1.0'?>
<repository name='Bundle pool' type='org.eclipse.equinox.p2.artifact.repository.simpleRepository' version='1'>
  <properties size='2'>
    <property name='p2.system' value='true'/>
    <property name='p2.timestamp' value='1354700201258'/>
  </properties>
  <mappings size='3'>
    <rule filter='(&amp; (classifier=osgi.bundle))' output='${repoUrl}/plugins/${id}_${version}.jar'/>
    <rule filter='(&amp; (classifier=binary))' output='${repoUrl}/binary/${id}_${version}'/>
    <rule filter='(&amp; (classifier=org.eclipse.update.feature))' output='${repoUrl}/features/${id}_${version}.jar'/>
  </mappings>
  <artifacts size='53'>
    <artifact classifier='osgi.bundle' id='org.eclipse.equinox.security' version='1.1.100.v20120522-1841'>
      <properties size='1'>
        <property name='download.size' value='107463'/>
      </properties>
    </artifact>
    <artifact classifier='osgi.bundle' id='org.eclipse.equinox.common' version='3.6.100.v20120522-1841'>
      <properties size='1'>
        <property name='download.size' value='106765'/>
      </properties>
    </artifact>
    <artifact classifier='osgi.bundle' id='org.eclipse.core.runtime' version='3.8.0.v20120521-2346'>
      <properties size='1'>
        <property name='download.size' value='75322'/>
      </properties>
    </artifact>
    <artifact classifier='osgi.bundle' id='org.eclipse.equinox.app' version='1.3.100.v20120522-1841'>
      <properties size='1'>
        <property name='download.size' value='86390'/>
      </properties>
    </artifact>
    <artifact classifier='osgi.bundle' id='org.apache.commons.codec' version='1.3.0.v201101211617'>
      <properties size='1'>
        <property name='download.size' value='55011'/>
      </properties>
      <repositoryProperties size='1'>
        <property name='artifact.folder' value='true'/>
      </repositoryProperties>
    </artifact>
    <artifact classifier='osgi.bundle' id='org.sat4j.core' version='2.3.0.v20110329'>
      <properties size='1'>
        <property name='download.size' value='210700'/>
      </properties>
    </artifact>
    <artifact classifier='osgi.bundle' id='org.eclipse.core.net.linux.x86_64' version='1.1.0.v20120522-1148'>
      <properties size='1'>
        <property name='download.size' value='38976'/>
      </properties>
    </artifact>
    <artifact classifier='osgi.bundle' id='org.eclipse.osgi.services' version='3.3.100.v20120522-1822'>
      <properties size='1'>
        <property name='download.size' value='83081'/>
      </properties>
    </artifact>
    <artifact classifier='osgi.bundle' id='org.eclipse.ecf.provider.filetransfer' version='3.2.0.v20120610-1946'>
      <properties size='1'>
        <property name='download.size' value='127603'/>
      </properties>
    </artifact>
    <artifact classifier='osgi.bundle' id='org.eclipse.equinox.p2.director.app' version='1.0.300.v20120428-0517'>
      <properties size='1'>
        <property name='download.size' value='50383'/>
      </properties>
    </artifact>
    <artifact classifier='osgi.bundle' id='org.eclipse.core.jobs' version='3.5.300.v20120622-204750'>
      <properties size='1'>
        <property name='download.size' value='92507'/>
      </properties>
    </artifact>
    <artifact classifier='osgi.bundle' id='org.eclipse.equinox.p2.director' version='2.2.0.v20120524-0542'>
      <properties size='1'>
        <property name='download.size' value='96468'/>
      </properties>
    </artifact>
    <artifact classifier='osgi.bundle' id='org.eclipse.ecf.filetransfer' version='5.0.0.v20120610-1946'>
      <properties size='1'>
        <property name='download.size' value='51713'/>
      </properties>
    </artifact>
    <artifact classifier='osgi.bundle' id='org.eclipse.ecf.provider.filetransfer.httpclient.ssl' version='1.0.0.v20120610-1946'>
      <properties size='1'>
        <property name='download.size' value='17935'/>
      </properties>
    </artifact>
    <artifact classifier='osgi.bundle' id='org.eclipse.equinox.launcher' version='1.3.0.v20120522-1813'>
      <properties size='1'>
        <property name='download.size' value='49281'/>
      </properties>
    </artifact>
    <artifact classifier='osgi.bundle' id='org.apache.commons.httpclient' version='3.1.0.v201012070820'>
      <properties size='1'>
        <property name='download.size' value='321633'/>
      </properties>
      <repositoryProperties size='1'>
        <property name='artifact.folder' value='true'/>
      </repositoryProperties>
    </artifact>
    <artifact classifier='osgi.bundle' id='org.eclipse.ecf.provider.filetransfer.httpclient' version='4.0.200.v20120610-1946'>
      <properties size='1'>
        <property name='download.size' value='74130'/>
      </properties>
    </artifact>
    <artifact classifier='osgi.bundle' id='org.eclipse.equinox.p2.jarprocessor' version='1.0.200.v20110808-1657'>
      <properties size='1'>
        <property name='download.size' value='69414'/>
      </properties>
    </artifact>
    <artifact classifier='osgi.bundle' id='org.eclipse.equinox.p2.touchpoint.eclipse' version='2.1.100.v20120428-0117'>
      <properties size='1'>
        <property name='download.size' value='125383'/>
      </properties>
    </artifact>
    <artifact classifier='osgi.bundle' id='org.eclipse.equinox.frameworkadmin.equinox' version='1.0.400.v20120428-0117'>
      <properties size='1'>
        <property name='download.size' value='62583'/>
      </properties>
    </artifact>
    <artifact classifier='osgi.bundle' id='org.eclipse.core.contenttype' version='3.4.200.v20120523-2004'>
      <properties size='1'>
        <property name='download.size' value='93176'/>
      </properties>
    </artifact>
    <artifact classifier='osgi.bundle' id='org.eclipse.ecf.identity' version='3.1.200.v20120610-1946'>
      <properties size='1'>
        <property name='download.size' value='54408'/>
      </properties>
    </artifact>
    <artifact classifier='osgi.bundle' id='org.eclipse.equinox.preferences' version='3.5.0.v20120522-1841'>
      <properties size='1'>
        <property name='download.size' value='126766'/>
      </properties>
    </artifact>
    <artifact classifier='osgi.bundle' id='org.eclipse.equinox.ds' version='1.4.0.v20120522-1841'>
      <properties size='1'>
        <property name='download.size' value='194032'/>
      </properties>
    </artifact>
    <artifact classifier='osgi.bundle' id='org.eclipse.equinox.p2.console' version='1.0.300.v20120429-0125'>
      <properties size='1'>
        <property name='download.size' value='28274'/>
      </properties>
    </artifact>
    <artifact classifier='osgi.bundle' id='org.eclipse.equinox.util' version='1.0.400.v20120522-2049'>
      <properties size='1'>
        <property name='download.size' value='78022'/>
      </properties>
    </artifact>
    <artifact classifier='osgi.bundle' id='org.eclipse.equinox.concurrent' version='1.0.300.v20120522-2049'>
      <properties size='1'>
        <property name='download.size' value='21128'/>
      </properties>
    </artifact>
    <artifact classifier='osgi.bundle' id='org.apache.commons.logging' version='1.0.4.v201101211617'>
      <properties size='1'>
        <property name='download.size' value='45405'/>
      </properties>
    </artifact>
    <artifact classifier='osgi.bundle' id='org.eclipse.equinox.p2.repository' version='2.2.0.v20120524-1945'>
      <properties size='1'>
        <property name='download.size' value='131861'/>
      </properties>
    </artifact>
    <artifact classifier='osgi.bundle' id='org.eclipse.core.net' version='1.2.200.v20120522-1148'>
      <properties size='1'>
        <property name='download.size' value='70466'/>
      </properties>
    </artifact>
    <artifact classifier='osgi.bundle' id='org.eclipse.equinox.launcher.gtk.linux.x86_64' version='1.1.200.v20120522-1813'>
      <properties size='1'>
        <property name='download.size' value='74308'/>
      </properties>
      <repositoryProperties size='1'>
        <property name='artifact.folder' value='true'/>
      </repositoryProperties>
    </artifact>
    <artifact classifier='osgi.bundle' id='org.eclipse.equinox.p2.publisher.eclipse' version='1.1.0.v20120511-1931'>
      <properties size='1'>
        <property name='download.size' value='215184'/>
      </properties>
    </artifact>
    <artifact classifier='osgi.bundle' id='org.eclipse.equinox.p2.transport.ecf' version='1.0.100.v20120305-0333'>
      <properties size='1'>
        <property name='download.size' value='42015'/>
      </properties>
    </artifact>
    <artifact classifier='osgi.bundle' id='org.apache.ant' version='1.8.3.v20120321-1730'>
      <properties size='1'>
        <property name='download.size' value='2351482'/>
      </properties>
      <repositoryProperties size='1'>
        <property name='artifact.folder' value='true'/>
      </repositoryProperties>
    </artifact>
    <artifact classifier='osgi.bundle' id='org.sat4j.pb' version='2.3.0.v20110329'>
      <properties size='1'>
        <property name='download.size' value='140725'/>
      </properties>
    </artifact>
    <artifact classifier='osgi.bundle' id='org.eclipse.equinox.p2.publisher' version='1.2.0.v20120428-0117'>
      <properties size='1'>
        <property name='download.size' value='105939'/>
      </properties>
    </artifact>
    <artifact classifier='osgi.bundle' id='org.eclipse.equinox.frameworkadmin' version='2.0.100.v20120606-175127'>
      <properties size='1'>
        <property name='download.size' value='36193'/>
      </properties>
    </artifact>
    <artifact classifier='osgi.bundle' id='org.eclipse.equinox.event' version='1.2.200.v20120522-2049'>
      <properties size='1'>
        <property name='download.size' value='33748'/>
      </properties>
    </artifact>
    <artifact classifier='osgi.bundle' id='org.eclipse.equinox.p2.garbagecollector' version='1.0.200.v20110808-1657'>
      <properties size='1'>
        <property name='download.size' value='26237'/>
      </properties>
    </artifact>
    <artifact classifier='osgi.bundle' id='org.eclipse.osgi' version='3.8.1.v20120830-144521'>
      <properties size='1'>
        <property name='download.size' value='1396458'/>
      </properties>
    </artifact>
    <artifact classifier='osgi.bundle' id='org.eclipse.equinox.p2.metadata.repository' version='1.2.100.v20120524-1717'>
      <properties size='1'>
        <property name='download.size' value='118141'/>
      </properties>
    </artifact>
    <artifact classifier='osgi.bundle' id='org.eclipse.equinox.p2.touchpoint.natives' version='1.1.0.v20120524-0542'>
      <properties size='1'>
        <property name='download.size' value='52957'/>
      </properties>
    </artifact>
    <artifact classifier='osgi.bundle' id='org.eclipse.equinox.simpleconfigurator' version='1.0.301.v20120828-033635'>
      <properties size='1'>
        <property name='download.size' value='40705'/>
      </properties>
    </artifact>
    <artifact classifier='osgi.bundle' id='org.eclipse.ecf.ssl' version='1.0.100.v20120610-1946'>
      <properties size='1'>
        <property name='download.size' value='12773'/>
      </properties>
    </artifact>
    <artifact classifier='osgi.bundle' id='org.eclipse.equinox.p2.artifact.repository' version='1.1.200.v20120430-1959'>
      <properties size='1'>
        <property name='download.size' value='137108'/>
      </properties>
    </artifact>
    <artifact classifier='osgi.bundle' id='org.eclipse.equinox.p2.metadata' version='2.1.0.v20120430-2001'>
      <properties size='1'>
        <property name='download.size' value='340684'/>
      </properties>
    </artifact>
    <artifact classifier='osgi.bundle' id='org.eclipse.update.configurator' version='3.3.200.v20120523-1752'>
      <properties size='1'>
        <property name='download.size' value='101126'/>
      </properties>
    </artifact>
    <artifact classifier='osgi.bundle' id='org.eclipse.equinox.registry' version='3.5.200.v20120522-1841'>
      <properties size='1'>
        <property name='download.size' value='184236'/>
      </properties>
    </artifact>
    <artifact classifier='osgi.bundle' id='org.eclipse.equinox.p2.core' version='2.2.0.v20120430-0525'>
      <properties size='1'>
        <property name='download.size' value='72599'/>
      </properties>
    </artifact>
    <artifact classifier='osgi.bundle' id='org.eclipse.equinox.p2.engine' version='2.2.0.v20120501-1502'>
      <properties size='1'>
        <property name='download.size' value='197431'/>
      </properties>
    </artifact>
    <artifact classifier='osgi.bundle' id='org.eclipse.ecf.provider.filetransfer.ssl' version='1.0.0.v20120610-1946'>
      <properties size='1'>
        <property name='download.size' value='9672'/>
      </properties>
    </artifact>
    <artifact classifier='osgi.bundle' id='org.eclipse.equinox.simpleconfigurator.manipulator' version='2.0.0.v20110808-1657'>
      <properties size='1'>
        <property name='download.size' value='24055'/>
      </properties>
    </artifact>
    <artifact classifier='osgi.bundle' id='org.eclipse.ecf' version='3.1.300.v20120610-1946'>
      <properties size='1'>
        <property name='download.size' value='94181'/>
      </properties>
    </artifact>
  </artifacts>
</repository>
